student_id,email_address, first_name, last_name
8370144552,ram.v@gmail.com,ram,v
8370180153,chintu.v@gmail.com,chintu,r
8370180154,chiru.v@gmail.com,chiru,shan
8370180155,nivi.v@gmail.com,nivi,vijayarangan
8370180156,vinitha.v@gmail.com,vinitha,vijayarangan
8370180157,thamaraiselvi@gmail.com,Thamarai,Selvi
JngQAwrOrA,savithavijayarangan@gmail.com,Savitha,vijayarangan
CiMnZm3wTl,sahida@gmail.com,Shahidha,parveen
CiMnZm3w90,thee@gmail.com,vinitha,vijayarangan